id,popname,district,poptype,popid,create_date,update_date,is_active
1,Adichanallur,Kollam,PAG,PP125KLM,2023-08-14 09:45:02,2023-08-14 10:35:54,1
4,Adimali,Idukki,PAG,PP163IDK,2023-08-14 09:45:02,2023-08-14 10:35:54,1
7,Adoor,Pathanamthitta,PAG,PP139PTA,2023-08-14 09:45:03,2023-08-14 10:35:54,1
10,Agali,Palakkad,SPUR,SP343PLK,2023-08-14 09:45:03,2023-08-14 10:35:54,1
13,Agasthiamuzhi,Kozhikode,PAG,PP258KKD,2023-08-14 09:45:03,2023-08-14 10:35:54,1
16,Alakode,Kannur,PAG,PP277KNR,2023-08-14 09:45:03,2023-08-14 10:35:54,1
19,Alanallur,Palakkad,PAG,PP223PLK,2023-08-14 09:45:03,2023-08-14 10:35:54,1
22,Alangad,Ernakulam,SPUR,SP327EKM,2023-08-14 09:45:03,2023-08-14 10:35:54,1
25,Alappuzha,Alappuzha,PAG,PP144ALP,2023-08-14 09:45:03,2023-08-14 10:35:54,1
28,Alathur,Palakkad,SPUR,SP344PLK,2023-08-14 09:45:03,2023-08-14 10:35:54,1
31,Aluva,Ernakulam,Agg,AP053EKM,2023-08-14 09:45:03,2023-08-14 10:35:54,1
34,Ambalamughal,Ernakulam,PAG,PP170EKM,2023-08-14 09:45:03,2023-08-14 10:35:54,1
37,Ambalappuram,Kollam,Agg,AP022KLM,2023-08-14 09:45:03,2023-08-14 10:35:54,1
40,Ambalavayal,Wayanad,PAG,PP383WYD,2023-08-14 09:45:03,2023-08-14 10:35:54,1
43,Ananthapuram,Kasaragod,PAG,PP292KGD,2023-08-14 09:45:03,2023-08-14 10:35:54,1
46,Anchal,Kollam,Agg,AP023KLM,2023-08-14 09:45:03,2023-08-14 10:35:54,1
49,Anchangadi,Thrissur,SPUR,SP328TCR,2023-08-14 09:45:03,2023-08-14 10:35:54,1
52,Angamali,Ernakulam,PAG,PP171EKM,2023-08-14 09:45:03,2023-08-14 10:35:54,1
55,Anjukunnu,Wayanad,PAG,PP272WYD,2023-08-14 09:45:03,2023-08-14 10:35:54,1
58,Anthikkad,Thrissur,SPUR,SP201TCR,2023-08-14 09:45:03,2023-08-14 10:35:54,1
61,Arangottukara,Malappuram,PAG,PP237MLP,2023-08-14 09:45:03,2023-08-14 10:35:54,1
64,Areekode,Malappuram,SPUR,SP356MLP,2023-08-14 09:45:03,2023-08-14 10:35:54,1
67,Aroor,Ernakulam,PAG,PP172EKM,2023-08-14 09:45:03,2023-08-14 10:35:54,1
70,Aruvikkara,Thiruvananthapuram,Agg,AP015TVM,2023-08-14 09:45:03,2023-08-14 10:35:54,1
73,Athani,Thrissur,PAG,PP202TCR,2023-08-14 09:45:03,2023-08-14 10:35:54,1
76,Attingal,Thiruvananthapuram,PAG,PP111TVM,2023-08-14 09:45:03,2023-08-14 10:35:54,1
79,Ayarkunnam,Kottayam,Agg,AP044KTM,2023-08-14 09:45:03,2023-08-14 10:35:54,1
82,Ayathil,Kollam,PAG,PP126KLM,2023-08-14 09:45:03,2023-08-14 10:35:54,1
85,Ayoor,Kollam,Agg,AP024KLM,2023-08-14 09:45:03,2023-08-14 10:35:54,1
88,Ayyampuzha,Ernakulam,SPUR,SP325EKM,2023-08-14 09:45:03,2023-08-14 10:35:54,1
91,Azhikode,Kannur,Agg,AP087KNR,2023-08-14 09:45:04,2023-08-14 10:35:54,1
94,Badiyadukka,Kasaragod,PAG,PP293KGD,2023-08-14 09:45:04,2023-08-14 10:35:54,1
97,Balaramapuram,Thiruvananthapuram,PAG,PP112TVM,2023-08-14 09:45:04,2023-08-14 10:35:54,1
100,Balussery,Kozhikode,SPUR,SP364KKD,2023-08-14 09:45:04,2023-08-14 10:35:54,1
103,Belur,Kasaragod,Agg,AP097KGD,2023-08-14 09:45:04,2023-08-14 10:35:54,1
106,Brahmapuram,Ernakulam,Agg,APAE ABC,2023-08-14 09:45:04,2023-08-14 10:35:54,1
109,Chakkittippara,Kozhikode,Agg,AP079KKD,2023-08-14 09:45:04,2023-08-14 10:35:54,1
112,Chalakkudy,Thrissur,Agg,AP058TCR,2023-08-14 09:45:04,2023-08-14 10:35:54,1
115,Chalissery,Malappuram,SPUR,SP359MLP,2023-08-14 09:45:04,2023-08-14 10:35:54,1
118,Changanassery,Kottayam,PAG,PP154KTM,2023-08-14 09:45:04,2023-08-14 10:35:54,1
121,Chavakkad,Thrissur,SPUR,SP342TCR,2023-08-14 09:45:04,2023-08-14 10:35:54,1
124,Chavara,Kollam,PAG,PP127KLM,2023-08-14 09:45:04,2023-08-14 10:35:54,1
127,Chelakkara,Thrissur,PAG,PP203TCR,2023-08-14 09:45:04,2023-08-14 10:35:54,1
130,Chelari,Malappuram,PAG,PP238MLP,2023-08-14 09:45:04,2023-08-14 10:35:54,1
133,Chellanam,Ernakulam,SPUR,SP308EKM,2023-08-14 09:45:04,2023-08-14 10:35:54,1
136,Chengalam,Kottayam,SPUR,SP310KTM,2023-08-14 09:45:04,2023-08-14 10:35:54,1
139,Chengamanad,Kollam,Agg,AP102KLM,2023-08-14 09:45:04,2023-08-14 10:35:54,1
142,Chengannur,Pathanamthitta,SPUR,SP305PTA,2023-08-14 09:45:04,2023-08-14 10:35:54,1
145,Chengulam,Idukki,PAG,PP384IDK,2023-08-14 09:45:05,2023-08-14 10:35:54,1
148,Cherai,Ernakulam,SPUR,SP381EKM,2023-08-14 09:45:05,2023-08-14 10:35:54,1
151,Cherppu,Thrissur,PAG,PP204TCR,2023-08-14 09:45:05,2023-08-14 10:35:54,1
154,Cherpulassery,Palakkad,PAG,PP224PLK,2023-08-14 09:45:05,2023-08-14 10:35:54,1
157,Chertalai,Alappuzha,PAG,PP145ALP,2023-08-14 09:45:05,2023-08-14 10:35:54,1
160,Cherupuzha,Kannur,PAG,PP278KNR,2023-08-14 09:45:05,2023-08-14 10:35:54,1
163,Cheruvathur,Kasaragod,Agg,AP098KGD,2023-08-14 09:45:05,2023-08-14 10:35:54,1
166,Chevayur,Kozhikode,Core,CP011KKD,2023-08-14 09:45:05,2023-08-14 10:35:54,1
169,Chirakkal,Thrissur,SPUR,SP205TCR,2023-08-14 09:45:05,2023-08-14 10:35:54,1
172,Chittadi,Palakkad,Agg,AP063PLK,2023-08-14 09:45:05,2023-08-14 10:35:54,1
175,Chittur,Palakkad,SPUR,SP345PLK,2023-08-14 09:45:05,2023-08-14 10:35:54,1
178,Chovva,Kannur,PAG,PP279KNR,2023-08-14 09:45:05,2023-08-14 10:35:54,1
181,Chullimanoor,Thiruvananthapuram,PAG,PP113TVM,2023-08-14 09:45:05,2023-08-14 10:35:54,1
184,Chumatra,Alappuzha,Agg,AP030ALP,2023-08-14 09:45:05,2023-08-14 10:35:54,1
187,Dharmadom,Kannur,SPUR,SP368KNR,2023-08-14 09:45:05,2023-08-14 10:35:54,1
190,Edakkara,Malappuram,PAG,PP239MLP,2023-08-14 09:45:05,2023-08-14 10:35:54,1
193,Edamon,Kollam,Agg,AP025KLM,2023-08-14 09:45:05,2023-08-14 10:35:54,1
196,Edappal,Malappuram,PAG,PP240MLP,2023-08-14 09:45:05,2023-08-14 10:35:54,1
199,Edappally,Ernakulam,PAG,PP173EKM,2023-08-14 09:45:05,2023-08-14 10:35:54,1
202,Edappon,Pathanamthitta,PAG,PP140PTA,2023-08-14 09:45:05,2023-08-14 10:35:54,1
205,Edarikode,Malappuram,PAG,PP241MLP,2023-08-14 09:45:05,2023-08-14 10:35:54,1
208,Edathala,Ernakulam,PAG,PP174EKM,2023-08-14 09:45:05,2023-08-14 10:35:54,1
211,Edathua,Alappuzha,Agg,AP031ALP,2023-08-14 09:45:05,2023-08-14 10:35:54,1
214,Edavanna,Malappuram,Agg,AP071MLP,2023-08-14 09:45:05,2023-08-14 10:35:54,1
217,Edayar,Ernakulam,PAG,PP175EKM,2023-08-14 09:45:05,2023-08-14 10:35:54,1
220,Erattupetta,Kottayam,PAG,PP155KTM,2023-08-14 09:45:05,2023-08-14 10:35:54,1
223,ErnakulamNorth,Ernakulam,SPUR,SP322EKM,2023-08-14 09:45:05,2023-08-14 10:35:54,1
226,Erumappetty,Thrissur,SPUR,SP329TCR,2023-08-14 09:45:05,2023-08-14 10:35:54,1
229,Erumeli,Kottayam,PAG,PP386KTM,2023-08-14 09:45:05,2023-08-14 10:35:54,1
232,Ettumanoor,Kottayam,Agg,AP045KTM,2023-08-14 09:45:05,2023-08-14 10:35:54,1
235,Ezhimala,Kannur,SPUR,SP369KNR,2023-08-14 09:45:05,2023-08-14 10:35:54,1
238,Ezhukone,Kollam,PAG,PP128KLM,2023-08-14 09:45:05,2023-08-14 10:35:54,1
241,Gandhinagar,Kottayam,Agg,AP046KTM,2023-08-14 09:45:05,2023-08-14 10:35:54,1
244,GandhiRoad,Kozhikode,PAG,PP259KKD,2023-08-14 09:45:05,2023-08-14 10:35:54,1
247,Guruvayoor,Thrissur,PAG,PP206TCR,2023-08-14 09:45:05,2023-08-14 10:35:54,1
250,Idukki,Idukki,Core,CP005IDK,2023-08-14 09:45:05,2023-08-14 10:35:54,1
253,Irinjalakkuda,Thrissur,PAG,PP207TCR,2023-08-14 09:45:05,2023-08-14 10:35:54,1
256,IrItty,Kannur,PAG,PP280KNR,2023-08-14 09:45:05,2023-08-14 10:35:54,1
259,Kadakkal,Kollam,PAG,PP129KLM,2023-08-14 09:45:05,2023-08-14 10:35:54,1
262,Kadakyavoor,Thiruvananthapuram,SPUR,SP296TVM,2023-08-14 09:45:05,2023-08-14 10:35:54,1
265,Kaduthuruthi,Kottayam,SPUR,SP315KTM,2023-08-14 09:45:05,2023-08-14 10:35:54,1
268,Kaipamangalam,Thrissur,SPUR,SP208TCR,2023-08-14 09:45:05,2023-08-14 10:35:54,1
271,Kakkad,Pathanamthitta,PAG,PP394PTA,2023-08-14 09:45:05,2023-08-14 10:35:54,1
274,Kakkanad,Ernakulam,PAG,PP178EKM,2023-08-14 09:45:05,2023-08-14 10:35:54,1
277,Kalady,Ernakulam,SPUR,SP326EKM,2023-08-14 09:45:05,2023-08-14 10:35:54,1
280,Kalamasserry,Ernakulam,Core,CP007EKM,2023-08-14 09:45:05,2023-08-14 10:35:54,1
283,Kalikavu,Malappuram,PAG,PP242MLP,2023-08-14 09:45:05,2023-08-14 10:35:54,1
286,Kalladikkode,Palakkad,PAG,PP225PLK,2023-08-14 09:45:05,2023-08-14 10:35:54,1
289,Kallambalam,Kollam,PAG,PP130KLM,2023-08-14 09:45:05,2023-08-14 10:35:54,1
292,kalloorkkadu,Idukki,PAG,PP164IDK,2023-08-14 09:45:05,2023-08-14 10:35:54,1
295,Kaloor,Ernakulam,PAG,PP179EKM,2023-08-14 09:45:05,2023-08-14 10:35:54,1
298,Kalpetta,Wayanad,Agg,AP083WYD,2023-08-14 09:45:05,2023-08-14 10:35:54,1
301,Kananallur,Kollam,PAG,PP131KLM,2023-08-14 09:45:05,2023-08-14 10:35:54,1
304,Kandanad,Ernakulam,Agg,AP055EKM,2023-08-14 09:45:05,2023-08-14 10:35:54,1
307,Kandassankadavu,Thrissur,PAG,PP210TCR,2023-08-14 09:45:05,2023-08-14 10:35:54,1
310,Kanhirode,Kannur,Agg,AP088KNR,2023-08-14 09:45:05,2023-08-14 10:35:54,1
313,Kaniambetta,Wayanad,Core,CP012WYD,2023-08-14 09:45:05,2023-08-14 10:35:54,1
316,Kanjangad,Kasaragod,Agg,AP099KGD,2023-08-14 09:45:05,2023-08-14 10:35:54,1
319,Kanjikode,Palakkad,SPUR,SP346PLK,2023-08-14 09:45:05,2023-08-14 10:35:54,1
322,Kanjikuzhy,Kottayam,Agg,AP048KTM,2023-08-14 09:45:05,2023-08-14 10:35:54,1
325,Kanjirappally,Kottayam,PAG,PP156KTM,2023-08-14 09:45:05,2023-08-14 10:35:54,1
328,Kannampully,Palakkad,Agg,AP064PLK,2023-08-14 09:45:05,2023-08-14 10:35:54,1
331,KannurTown,Kannur,PAG,PP281KNR,2023-08-14 09:45:05,2023-08-14 10:35:54,1
334,Karamana,Thiruvananthapuram,PAG,PP114TVM,2023-08-14 09:45:05,2023-08-14 10:35:54,1
337,Karimanal,Ernakulam,SPUR,SP319EKM,2023-08-14 09:45:05,2023-08-14 10:35:54,1
340,Karukachal,Kottayam,PAG,PP157KTM,2023-08-14 09:45:05,2023-08-14 10:35:54,1
343,Karukutty,Ernakulam,SPUR,SP323EKM,2023-08-14 09:45:05,2023-08-14 10:35:54,1
346,Karunagappally,Kollam,SPUR,SP303KLM,2023-08-14 09:45:06,2023-08-14 10:35:54,1
349,Karuvatta,Alappuzha,Agg,AP032ALP,2023-08-14 09:45:06,2023-08-14 10:35:54,1
352,Kattakkada,Thiruvananthapuram,Agg,AP016TVM,2023-08-14 09:45:07,2023-08-14 10:35:54,1
355,Kattanam,Alappuzha,PAG,PP146ALP,2023-08-14 09:45:07,2023-08-14 10:35:54,1
358,Kattappana,Idukki,Agg,AP037IDK,2023-08-14 09:45:07,2023-08-14 10:35:54,1
361,Kattur,Thrissur,PAG,PP211TCR,2023-08-14 09:45:07,2023-08-14 10:35:54,1
364,Kavanad,Kollam,PAG,PP132KLM,2023-08-14 09:45:07,2023-08-14 10:35:54,1
367,Kayamkulam,Alappuzha,PAG,PP147ALP,2023-08-14 09:45:07,2023-08-14 10:35:54,1
370,Kazhakoottam,Thiruvananthapuram,Agg,AP017TVM,2023-08-14 09:45:07,2023-08-14 10:35:54,1
373,Keezhissery,Malappuram,Agg,AP072MLP,2023-08-14 09:45:07,2023-08-14 10:35:54,1
376,Kidangoor,Kottayam,SPUR,SP314KTM,2023-08-14 09:45:07,2023-08-14 10:35:54,1
379,Kilimanoor,Kollam,PAG,PP133KLM,2023-08-14 09:45:07,2023-08-14 10:35:54,1
382,Kinaloor,Kozhikode,Agg,AP106KKD,2023-08-14 09:45:07,2023-08-14 10:35:54,1
385,Kizhakkambalam,Ernakulam,PAG,PP180EKM,2023-08-14 09:45:07,2023-08-14 10:35:54,1
388,Kochupamba,Pathanamthitta,SPUR,SPxxxPTA,2023-08-14 09:45:07,2023-08-14 10:35:54,1
391,Kodakara,Thrissur,Agg,AP059TCR,2023-08-14 09:45:07,2023-08-14 10:35:54,1
394,Kodimatha,Kottayam,SPUR,SP311KTM,2023-08-14 09:45:07,2023-08-14 10:35:54,1
397,Kodiyeri,Kannur,PAG,PP282KNR,2023-08-14 09:45:07,2023-08-14 10:35:54,1
400,Kodungallur,Thrissur,PAG,PP212TCR,2023-08-14 09:45:08,2023-08-14 10:35:54,1
403,Koduvally,Kozhikode,Agg,AP080KKD,2023-08-14 09:45:08,2023-08-14 10:35:54,1
406,Koduvayur,Palakkad,PAG,PP226PLK,2023-08-14 09:45:08,2023-08-14 10:35:54,1
409,Kollengode,Palakkad,PAG,PP227PLK,2023-08-14 09:45:08,2023-08-14 10:35:54,1
412,Kongad,Palakkad,PAG,PP228PLK,2023-08-14 09:45:08,2023-08-14 10:35:54,1
415,Konganoor,Thrissur,SPUR,SP330TCR,2023-08-14 09:45:08,2023-08-14 10:35:54,1
418,Konny,Pathanamthitta,PAG,PP141PTA,2023-08-14 09:45:08,2023-08-14 10:35:54,1
421,Koodal,Pathanamthitta,PAG,PP142PTA,2023-08-14 09:45:08,2023-08-14 10:35:54,1
424,Kooriyad,Malappuram,PAG,PP244MLP,2023-08-14 09:45:08,2023-08-14 10:35:54,1
427,Koothattukulam,Ernakulam,Agg,AP047EKM,2023-08-14 09:45:08,2023-08-14 10:35:54,1
430,Koothuparamba,Kannur,Agg,AP107KNR,2023-08-14 09:45:08,2023-08-14 10:35:54,1
433,Koottanad,Malappuram,PAG,PP245MLP,2023-08-14 09:45:08,2023-08-14 10:35:54,1
436,Koovappady,Ernakulam,PAG,PP181EKM,2023-08-14 09:45:08,2023-08-14 10:35:54,1
439,Koppam,Malappuram,PAG,PP246MLP,2023-08-14 09:45:09,2023-08-14 10:35:54,1
442,Koratty,Thrissur,SPUR,SP331TCR,2023-08-14 09:45:09,2023-08-14 10:35:54,1
445,Kothamangalam,Ernakulam,Agg,AP056EKM,2023-08-14 09:45:09,2023-08-14 10:35:54,1
448,kottarakkara,Kollam,SPUR,SP304KLM,2023-08-14 09:45:09,2023-08-14 10:35:54,1
451,Kottiyam,Kollam,PAG,PP134KLM,2023-08-14 09:45:09,2023-08-14 10:35:54,1
454,Kozhenchery,Pathanamthitta,Agg,AP027PTA,2023-08-14 09:45:09,2023-08-14 10:35:54,1
457,Kozhinjampara,Palakkad,PAG,PP229PLK,2023-08-14 09:45:09,2023-08-14 10:35:54,1
460,Kubannur,Kasaragod,SPUR,SP370KGD,2023-08-14 09:45:09,2023-08-14 10:35:54,1
463,Kulamavu,Idukki,SPUR,SP317IDK,2023-08-14 09:45:09,2023-08-14 10:35:54,1
466,Kumbanad,Pathanamthitta,SPUR,SP306PTA,2023-08-14 09:45:09,2023-08-14 10:35:54,1
469,Kundara,Kollam,Core,CP002KLM,2023-08-14 09:45:09,2023-08-14 10:35:54,1
472,Kunnamangalam,Kozhikode,PAG,PP260KKD,2023-08-14 09:45:09,2023-08-14 10:35:54,1
475,Kunnamkulam,Thrissur,PAG,PP213TCR,2023-08-14 09:45:10,2023-08-14 10:35:54,1
478,Kuravilangad,Kottayam,Agg,AP049KTM,2023-08-14 09:45:10,2023-08-14 10:35:54,1
481,Kurumassery,Ernakulam,PAG,PP182EKM,2023-08-14 09:45:10,2023-08-14 10:35:54,1
484,Kuruppumpadi,Ernakulam,PAG,PP183EKM,2023-08-14 09:45:10,2023-08-14 10:35:54,1
487,Kuthiyathodu,Alappuzha,PAG,PP148ALP,2023-08-14 09:45:10,2023-08-14 10:35:54,1
490,Kuthumunda,Wayanad,Agg,AP084WYD,2023-08-14 09:45:10,2023-08-14 10:35:54,1
493,Kuthunkal,Idukki,Agg,AP039IDK,2023-08-14 09:45:10,2023-08-14 10:35:54,1
496,Kuttanad,Alappuzha,SPUR,SP309ALP,2023-08-14 09:45:10,2023-08-14 10:35:54,1
499,Kuttiadi,Kozhikode,PAG,PP262KKD,2023-08-14 09:45:10,2023-08-14 10:35:54,1
502,Kuttikkattur,Kozhikode,PAG,PP261KKD,2023-08-14 09:45:10,2023-08-14 10:35:54,1
505,Kuttippuram,Malappuram,PAG,PP247MLP,2023-08-14 09:45:10,2023-08-14 10:35:54,1
508,Kuttiyattur,Kannur,PAG,PP283KNR,2023-08-14 09:45:10,2023-08-14 10:35:54,1
511,LA Complex,Thiruvananthapuram,PAG,PP115TVM,2023-08-14 09:45:10,2023-08-14 10:35:54,1
514,Madakathara,Thrissur,Core,CP008TCR,2023-08-14 09:45:10,2023-08-14 10:35:54,1
517,Makaraparamba,Malappuram,Agg,AP073MLP,2023-08-14 09:45:10,2023-08-14 10:35:54,1
520,Mala,Thrissur,PAG,PP214TCR,2023-08-14 09:45:10,2023-08-14 10:35:54,1
523,Malampuzha,Palakkad,PAG,PP230PLK,2023-08-14 09:45:10,2023-08-14 10:35:54,1
526,Malapparamba,Malappuram,SPUR,SP358MLP,2023-08-14 09:45:10,2023-08-14 10:35:54,1
529,Malappuram,Malappuram,Core,CP010MLP,2023-08-14 09:45:10,2023-08-14 10:35:54,1
532,Malayattur,Ernakulam,PAG,PP184EKM,2023-08-14 09:45:10,2023-08-14 10:35:54,1
535,Mallappally,Pathanamthitta,SPUR,SP307PTA,2023-08-14 09:45:10,2023-08-14 10:35:54,1
538,Mananthavadi,Wayanad,PAG,PP273WYD,2023-08-14 09:45:10,2023-08-14 10:35:54,1
541,Mangad,Kannur,Agg,AP089KNR,2023-08-14 09:45:10,2023-08-14 10:35:54,1
544,Maniampara,Palakkad,SPUR,SP355PLK,2023-08-14 09:45:10,2023-08-14 10:35:54,1
547,Manjery,Malappuram,PAG,PP248MLP,2023-08-14 09:45:10,2023-08-14 10:35:54,1
550,Manjeswaram,Kasaragod,SPUR,SP372KGD,2023-08-14 09:45:10,2023-08-14 10:35:54,1
553,mankada,Malappuram,PAG,PP249MLP,2023-08-14 09:45:10,2023-08-14 10:35:54,1
556,Mankavu,Kozhikode,PAG,PP263KKD,2023-08-14 09:45:10,2023-08-14 10:35:54,1
559,Mannar,Alappuzha,Agg,AP051ALP,2023-08-14 09:45:10,2023-08-14 10:35:54,1
562,Mannarkad,Palakkad,PAG,PP231PLK,2023-08-14 09:45:10,2023-08-14 10:35:54,1
565,Marayur,Idukki,SPUR,SP385IDK,2023-08-14 09:45:10,2023-08-14 10:35:54,1
568,Mattanchery,Ernakulam,PAG,PP185EKM,2023-08-14 09:45:10,2023-08-14 10:35:54,1
571,Mattannur,Kannur,PAG,PP284KNR,2023-08-14 09:45:10,2023-08-14 10:35:54,1
574,Mavelikkara,Alappuzha,Agg,AP033ALP,2023-08-14 09:45:10,2023-08-14 10:35:54,1
577,Mavoor,Kozhikode,PAG,PP264KKD,2023-08-14 09:45:11,2023-08-14 10:35:54,1
580,Mazhuvannur,Ernakulam,PAG,PP186EKM,2023-08-14 09:45:11,2023-08-14 10:35:54,1
583,MedicalCollege (PLK),Palakkad,SPUR,SP347PLK,2023-08-14 09:45:11,2023-08-14 10:35:54,1
586,MedicalCollegeTVM,Thiruvananthapuram,PAG,PP116TVM,2023-08-14 09:45:11,2023-08-14 10:35:54,1
589,Meenakshipuram,Palakkad,PAG,PP232PLK,2023-08-14 09:45:11,2023-08-14 10:35:54,1
592,Meenanagadi,Wayanad,Agg,AP085WYD,2023-08-14 09:45:11,2023-08-14 10:35:54,1
595,Melady,Kozhikode,SPUR,SP366KKD,2023-08-14 09:45:11,2023-08-14 10:35:54,1
598,Melattur,Malappuram,Agg,AP074MLP,2023-08-14 09:45:11,2023-08-14 10:35:54,1
601,Meppayur,Kozhikode,Agg,AP081KKD,2023-08-14 09:45:11,2023-08-14 10:35:54,1
604,Methala,Thrissur,SPUR,SP332TCR,2023-08-14 09:45:11,2023-08-14 10:35:54,1
607,Moovattupuzha,Ernakulam,Agg,AP104EKM,2023-08-14 09:45:11,2023-08-14 10:35:54,1
610,Mullassery,Thrissur,PAG,PP333TCR,2023-08-14 09:45:11,2023-08-14 10:35:54,1
613,Mulleria,Kasaragod,PAG,PP294KGD,2023-08-14 09:45:11,2023-08-14 10:35:54,1
616,Mulloorkkara,Thrissur,PAG,PP215TCR,2023-08-14 09:45:11,2023-08-14 10:35:54,1
619,Mundakkayam,Kottayam,PAG,PP158KTM,2023-08-14 09:45:11,2023-08-14 10:35:54,1
622,Mundayad,Kannur,Core,CP013KNR,2023-08-14 09:45:11,2023-08-14 10:35:54,1
625,Mundoor,Thrissur,SPUR,SP334TCR,2023-08-14 09:45:11,2023-08-14 10:35:54,1
628,Muthalamada,Palakkad,PAG,PP233PLK,2023-08-14 09:45:11,2023-08-14 10:35:54,1
631,Muttathara,Thiruvananthapuram,SPUR,SP378TVM,2023-08-14 09:45:11,2023-08-14 10:35:54,1
634,Muttom,Idukki,SPUR,SP395IDK,2023-08-14 09:45:11,2023-08-14 10:35:54,1
637,Mylatti,Kasaragod,Core,CP014KGD,2023-08-14 09:45:11,2023-08-14 10:35:54,1
640,Nadapuram,Kozhikode,PAG,PP265KKD,2023-08-14 09:45:12,2023-08-14 10:35:54,1
643,Nadukani,Kannur,PAG,PP285KNR,2023-08-14 09:45:12,2023-08-14 10:35:54,1
646,Nallalam,Kozhikode,SPUR,SP361KKD,2023-08-14 09:45:12,2023-08-14 10:35:54,1
649,Nangiarkulangara,Alappuzha,Agg,AP034ALP,2023-08-14 09:45:12,2023-08-14 10:35:54,1
652,Nedumangad,Thiruvananthapuram,Agg,AP018TVM,2023-08-14 09:45:13,2023-08-14 10:35:54,1
655,Nedumkandam,Idukki,Agg,AP040IDK,2023-08-14 09:45:14,2023-08-14 10:35:54,1
658,Nedumpoyil,Kannur,PAG,PP286KNR,2023-08-14 09:45:14,2023-08-14 10:35:54,1
661,Neeleswaram,Kasaragod,Agg,AP109KGD,2023-08-14 09:45:14,2023-08-14 10:35:54,1
664,Nelliampathy,Palakkad,SPUR,SP348PLK,2023-08-14 09:45:14,2023-08-14 10:35:54,1
667,Nenmara,Palakkad,Agg,AP065PLK,2023-08-14 09:45:14,2023-08-14 10:35:54,1
670,Neriamangalam,Idukki,Agg,AP041IDK,2023-08-14 09:45:14,2023-08-14 10:35:54,1
673,New Pallom,Kottayam,Core,CP006KTM,2023-08-14 09:45:14,2023-08-14 10:35:54,1
676,NewVyttila/Kadavanthara,Ernakulam,PAG,PP187EKM,2023-08-14 09:45:14,2023-08-14 10:35:54,1
679,Neyyattinkara,Thiruvananthapuram,SPUR,SP297TVM,2023-08-14 09:45:14,2023-08-14 10:35:54,1
682,Nilambur,Malappuram,PAG,PP250MLP,2023-08-14 09:45:14,2023-08-14 10:35:54,1
685,Njarakkal,Ernakulam,SPUR,SP321EKM,2023-08-14 09:45:15,2023-08-14 10:35:54,1
688,Northparavur,Ernakulam,PAG,PP188EKM,2023-08-14 09:45:15,2023-08-14 10:35:54,1
691,NPOL,Ernakulam,PAG,PP189EKM,2023-08-14 09:45:15,2023-08-14 10:35:54,1
694,Ochira,Alappuzha,PAG,PP149ALP,2023-08-14 09:45:15,2023-08-14 10:35:54,1
697,Ollur,Thrissur,Agg,AP060TCR,2023-08-14 09:45:15,2023-08-14 10:35:54,1
700,orkkatteri,Kozhikode,PAG,PP266KKD,2023-08-14 09:45:15,2023-08-14 10:35:54,1
703,Othukkungal,Malappuram,SPUR,SP357MLP,2023-08-14 09:45:15,2023-08-14 10:35:54,1
706,Ottappalam,Palakkad,Agg,AP066PLK,2023-08-14 09:45:16,2023-08-14 10:35:54,1
709,Padinjarethara,Wayanad,PAG,PP274WYD,2023-08-14 09:45:16,2023-08-14 10:35:54,1
712,Paika,Kottayam,SPUR,SP312KTM,2023-08-14 09:45:16,2023-08-14 10:35:54,1
715,Pala,Kottayam,Agg,AP050KTM,2023-08-14 09:45:16,2023-08-14 10:35:54,1
718,Palakkad,Palakkad,PAG,PP234PLK,2023-08-14 09:45:16,2023-08-14 10:35:54,1
721,Palakkal,Thrissur,PAG,PP216TCR,2023-08-14 09:45:16,2023-08-14 10:35:54,1
724,Pallasana,Palakkad,PAG,PP349PLK,2023-08-14 09:45:16,2023-08-14 10:35:54,1
727,Pallivasal,Idukki,PAG,PP388IDK,2023-08-14 09:45:16,2023-08-14 10:35:54,1
730,Palode,Thiruvananthapuram,PAG,PP117TVM,2023-08-14 09:45:17,2023-08-14 10:35:54,1
733,Pampady,Kottayam,PAG,PP159KTM,2023-08-14 09:45:17,2023-08-14 10:35:54,1
736,PanampallyNagar,Ernakulam,PAG,PP190EKM,2023-08-14 09:45:17,2023-08-14 10:35:54,1
739,Panangad,Ernakulam,PAG,PP191EKM,2023-08-14 09:45:17,2023-08-14 10:35:54,1
742,Panoor,Kannur,PAG,PP287KNR,2023-08-14 09:45:17,2023-08-14 10:35:54,1
745,Parali,Palakkad,Core,CP009PLK,2023-08-14 09:45:17,2023-08-14 10:35:54,1
748,Parappanangadi,Malappuram,PAG,PP389MLP,2023-08-14 09:45:17,2023-08-14 10:35:54,1
751,parapppur,Thrissur,SPUR,SP335TCR,2023-08-14 09:45:17,2023-08-14 10:35:54,1
754,Parappukkara,Thrissur,SPUR,SP217TCR,2023-08-14 09:45:17,2023-08-14 10:35:54,1
757,Parassala,Thiruvananthapuram,PAG,PP118TVM,2023-08-14 09:45:17,2023-08-14 10:35:54,1
760,Paravoor,Kollam,SPUR,SP301KLM,2023-08-14 09:45:17,2023-08-14 10:35:54,1
763,Parippally,Kollam,Agg,AP026KLM,2023-08-14 09:45:17,2023-08-14 10:35:54,1
766,Pariyaram (Kannur),Kannur,SPUR,SP382KNR,2023-08-14 09:45:18,2023-08-14 10:35:54,1
769,Pariyaram (Thrissur),Thrissur,SPUR,SP336TCR,2023-08-14 09:45:18,2023-08-14 10:35:54,1
772,Paruthipara,Thiruvananthapuram,Core,CP001TVM,2023-08-14 09:45:18,2023-08-14 10:35:54,1
775,Pathanamthitta,Pathanamthitta,Core,CP003PTA,2023-08-14 09:45:18,2023-08-14 10:35:54,1
778,Pathanapuram,Pathanamthitta,PAG,PP143PTA,2023-08-14 09:45:18,2023-08-14 10:35:54,1
781,Pathirappalli,Alappuzha,PAG,PP150ALP,2023-08-14 09:45:18,2023-08-14 10:35:54,1
784,Pathirippala,Palakkad,Agg,AP067PLK,2023-08-14 09:45:18,2023-08-14 10:35:54,1
787,Pattambi,Palakkad,SPUR,SP350PLK,2023-08-14 09:45:18,2023-08-14 10:35:54,1
790,Pattikkad,Thrissur,SPUR,SP337TCR,2023-08-14 09:45:18,2023-08-14 10:35:54,1
793,Payannur,Kannur,PAG,PP288KNR,2023-08-14 09:45:18,2023-08-14 10:35:54,1
796,Payyangadi,Kannur,Agg,AP090KNR,2023-08-14 09:45:18,2023-08-14 10:35:54,1
799,PayyannurTown,Kannur,SPUR,SP375KNR,2023-08-14 09:45:18,2023-08-14 10:35:54,1
802,Pazhassi,Kannur,Agg,AP091KNR,2023-08-14 09:45:18,2023-08-14 10:35:54,1
805,Pazhayannur,Palakkad,Agg,AP068PLK,2023-08-14 09:45:18,2023-08-14 10:35:54,1
808,Peerumedu,Idukki,PAG,PP165IDK,2023-08-14 09:45:19,2023-08-14 10:35:54,1
811,Perinad,Kollam,PAG,PP135KLM,2023-08-14 09:45:19,2023-08-14 10:35:54,1
814,Perinthalamanna,Malappuram,PAG,PP251MLP,2023-08-14 09:45:19,2023-08-14 10:35:54,1
817,Perla,Kasaragod,PAG,PP295KGD,2023-08-14 09:45:19,2023-08-14 10:35:54,1
820,Perumanoor,Ernakulam,PAG,PP192EKM,2023-08-14 09:45:19,2023-08-14 10:35:54,1
823,Perumbavoor,Ernakulam,Agg,AP105EKM,2023-08-14 09:45:19,2023-08-14 10:35:54,1
826,Pinarayi,Kannur,Agg,AP092KNR,2023-08-14 09:45:19,2023-08-14 10:35:54,1
829,Piravam,Ernakulam,Agg,AP057EKM,2023-08-14 09:45:19,2023-08-14 10:35:54,1
832,Ponnani,Malappuram,PAG,PP252MLP,2023-08-14 09:45:19,2023-08-14 10:35:54,1
835,Pookkottupadam,Malappuram,PAG,PP253MLP,2023-08-14 09:45:19,2023-08-14 10:35:54,1
838,Poomala,Thrissur,SPUR,SP371TCR,2023-08-14 09:45:19,2023-08-14 10:35:54,1
841,Poovar,Thiruvananthapuram,PAG,PP119TVM,2023-08-14 09:45:19,2023-08-14 10:35:54,1
844,Pooyappalli,Kollam,PAG,PP136KLM,2023-08-14 09:45:19,2023-08-14 10:35:54,1
847,Pothanikkadu,Idukki,PAG,PP166IDK,2023-08-14 09:45:19,2023-08-14 10:35:54,1
850,Pothencode,Thiruvananthapuram,Agg,AP019TVM,2023-08-14 09:45:19,2023-08-14 10:35:54,1
853,PowerHouse,Thiruvananthapuram,PAG,PP120TVM,2023-08-14 09:45:20,2023-08-14 10:35:54,1
856,Pudukkad,Thrissur,Agg,AP061TCR,2023-08-14 09:45:20,2023-08-14 10:35:54,1
859,Pulamanthole,Malappuram,Agg,AP075MLP,2023-08-14 09:45:20,2023-08-14 10:35:54,1
862,Pullazhy,Thrissur,PAG,PP218TCR,2023-08-14 09:45:20,2023-08-14 10:35:54,1
865,Pulppalli,Wayanad,PAG,PP275WYD,2023-08-14 09:45:20,2023-08-14 10:35:54,1
868,Punalur,Kollam,Agg,AP108KLM,2023-08-14 09:45:20,2023-08-14 10:35:54,1
871,Punappara,Alappuzha,Core,CP004ALP,2023-08-14 09:45:20,2023-08-14 10:35:54,1
874,Punnayoorkkulam,Thrissur,SPUR,SP338TCR,2023-08-14 09:45:20,2023-08-14 10:35:54,1
877,Puthencruz,Ernakulam,PAG,PP193EKM,2023-08-14 09:45:20,2023-08-14 10:35:54,1
880,Puthenvelikkara,Ernakulam,PAG,PP194EKM,2023-08-14 09:45:20,2023-08-14 10:35:54,1
883,Puthiyara,Kozhikode,PAG,PP267KKD,2023-08-14 09:45:20,2023-08-14 10:35:54,1
886,Puthiyatheru,Kannur,Agg,AP093KNR,2023-08-14 09:45:20,2023-08-14 10:35:54,1
889,Puthoor(Kannur),Kannur,PAG,PP289KNR,2023-08-14 09:45:20,2023-08-14 10:35:54,1
892,Puthoor(Kottarakkara),Kollam,PAG,PP137KLM,2023-08-14 09:45:20,2023-08-14 10:35:54,1
895,Puthur (Thrissur),Thrissur,SPUR,SP339TCR,2023-08-14 09:45:20,2023-08-14 10:35:54,1
898,Quilandy,Kozhikode,Agg,AP082KKD,2023-08-14 09:45:20,2023-08-14 10:35:54,1
901,Rajapuram,Kasaragod,PAG,PP379KGD,2023-08-14 09:45:21,2023-08-14 10:35:54,1
904,Ramanattukara,Kozhikode,SPUR,SP365KKD,2023-08-14 09:45:21,2023-08-14 10:35:54,1
907,Ramapuram,Kottayam,Agg,AP052KTM,2023-08-14 09:45:21,2023-08-14 10:35:54,1
910,Ranni,Pathanamthitta,Agg,AP028PTA,2023-08-14 09:45:21,2023-08-14 10:35:54,1
913,Ranni Perinad,Pathanamthitta,Agg,AP029PTA,2023-08-14 09:45:21,2023-08-14 10:35:54,1
916,Sabarigiri,Pathanamthitta,PAG,PP167PTA,2023-08-14 09:45:21,2023-08-14 10:35:54,1
919,Sasthamkotta,Kollam,PAG,PP138KLM,2023-08-14 09:45:21,2023-08-14 10:35:54,1
922,Secretariate,Thiruvananthapuram,PAG,PP380TVM,2023-08-14 09:45:21,2023-08-14 10:35:54,1
925,Senapathy,Idukki,Agg,AP042IDK,2023-08-14 09:45:21,2023-08-14 10:35:54,1
928,Shornur,Malappuram,PAG,PP254MLP,2023-08-14 09:45:21,2023-08-14 10:35:54,1
931,SL Puram,Alappuzha,PAG,PP151ALP,2023-08-14 09:45:21,2023-08-14 10:35:54,1
934,Sreekantapuram,Kannur,PAG,PP290KNR,2023-08-14 09:45:21,2023-08-14 10:35:54,1
937,Sreekrishnapuram,Palakkad,PAG,PP235PLK,2023-08-14 09:45:22,2023-08-14 10:35:54,1
940,SultanBatheri,Wayanad,PAG,PP276WYD,2023-08-14 09:45:22,2023-08-14 10:35:54,1
943,Tarur,Thrissur,PAG,PP219TCR,2023-08-14 09:45:22,2023-08-14 10:35:54,1
946,TERLS,Thiruvananthapuram,Agg,AP020TVM,2023-08-14 09:45:22,2023-08-14 10:35:54,1
949,Thakazhy,Alappuzha,Agg,AP035ALP,2023-08-14 09:45:22,2023-08-14 10:35:54,1
952,Thalassery,Kannur,PAG,PP291KNR,2023-08-14 09:45:22,2023-08-14 10:35:54,1
955,Thaliparamba,Kannur,Agg,AP094KNR,2023-08-14 09:45:22,2023-08-14 10:35:54,1
958,Thamarassery,Kozhikode,PAG,PP268KKD,2023-08-14 09:45:23,2023-08-14 10:35:54,1
961,Thambalamanna,Kozhikode,PAG,PP269KKD,2023-08-14 09:45:23,2023-08-14 10:35:54,1
964,Thavanoor,Malappuram,PAG,PP255MLP,2023-08-14 09:45:23,2023-08-14 10:35:54,1
967,Thazhekode,Malappuram,Agg,AP076MLP,2023-08-14 09:45:24,2023-08-14 10:35:54,1
970,Thenmala,Kollam,SPUR,SP302KLM,2023-08-14 09:45:25,2023-08-14 10:35:54,1
973,Thirumala,Thiruvananthapuram,Agg,AP021TVM,2023-08-14 09:45:25,2023-08-14 10:35:54,1
976,Thiruvalla,Alappuzha,Agg,AP036ALP,2023-08-14 09:45:25,2023-08-14 10:35:54,1
979,Thiruvallur,Kozhikode,SPUR,SP362KKD,2023-08-14 09:45:25,2023-08-14 10:35:54,1
982,Thiruvegappura,Malappuram,PAG,PP257MLP,2023-08-14 09:45:26,2023-08-14 10:35:54,1
985,Thodupuzha,Idukki,Agg,AP103IDK,2023-08-14 09:45:26,2023-08-14 10:35:54,1
988,Tholambra,Kannur,Agg,AP095KNR,2023-08-14 09:45:27,2023-08-14 10:35:54,1
991,Thottada,Kannur,Agg,AP096KNR,2023-08-14 09:45:27,2023-08-14 10:35:54,1
994,Thrikkarippur,Kasaragod,SPUR,SP373KGD,2023-08-14 09:45:27,2023-08-14 10:35:54,1
997,Thrikkodithanam,Kottayam,PAG,PP160KTM,2023-08-14 09:45:28,2023-08-14 10:35:54,1
1000,Thrithala,Palakkad,SPUR,SP351PLK,2023-08-14 09:45:28,2023-08-14 10:35:54,1
1003,Thykkkattusseri,Alappuzha,PAG,PP152ALP,2023-08-14 09:45:29,2023-08-14 10:35:54,1
1006,Tirunavaya,Malappuram,PAG,PP256MLP,2023-08-14 09:45:29,2023-08-14 10:35:54,1
1009,Tirur,Malappuram,SPUR,SP360MLP,2023-08-14 09:45:29,2023-08-14 10:35:54,1
1012,Triveni,Pathanamthitta,SPUR,SP316PTA,2023-08-14 09:45:30,2023-08-14 10:35:54,1
1015,Udumpannoor,Idukki,Agg,AP043IDK,2023-08-14 09:45:30,2023-08-14 10:35:54,1
1018,Upputhara,Idukki,PAG,PP168IDK,2023-08-14 09:45:31,2023-08-14 10:35:54,1
1021,Urumi,Kozhikode,SPUR,SP363KKD,2023-08-14 09:45:31,2023-08-14 10:35:54,1
1024,Vadakara,Kozhikode,PAG,PP270KKD,2023-08-14 09:45:32,2023-08-14 10:35:54,1
1027,Vadakkekkara,Ernakulam,PAG,PP196EKM,2023-08-14 09:45:34,2023-08-14 10:35:54,1
1030,Vadakkencherry,Palakkad,Agg,AP069PLK,2023-08-14 09:45:35,2023-08-14 10:35:54,1
1033,Vadanapally,Thrissur,SPUR,SP340TCR,2023-08-14 09:45:35,2023-08-14 10:35:54,1
1036,Vagamon,Kottayam,PAG,PP161KTM,2023-08-14 09:45:35,2023-08-14 10:35:54,1
1039,Vaikom,Kottayam,SPUR,SP313KTM,2023-08-14 09:45:35,2023-08-14 10:35:54,1
1042,Vakathanam,Kottayam,PAG,PP162KTM,2023-08-14 09:45:35,2023-08-14 10:35:54,1
1045,Valappad,Thrissur,PAG,PP220TCR,2023-08-14 09:45:35,2023-08-14 10:35:54,1
1048,Vallikkunnam,Alappuzha,PAG,PP153ALP,2023-08-14 09:45:35,2023-08-14 10:35:54,1
1051,Valluvambram,Malappuram,Agg,AP077MLP,2023-08-14 09:45:35,2023-08-14 10:35:54,1
1054,Vandipperiyar,Idukki,PAG,PP169IDK,2023-08-14 09:45:36,2023-08-14 10:35:54,1
1057,Vannappuram,Idukki,SPUR,SP318IDK,2023-08-14 09:45:36,2023-08-14 10:35:54,1
1060,Varappuzha,Ernakulam,SPUR,PP197EKM,2023-08-14 09:45:36,2023-08-14 10:35:54,1
1063,Varkala,Thiruvananthapuram,SPUR,SP298TVM,2023-08-14 09:45:36,2023-08-14 10:35:54,1
1066,Vattiyoorkkavu,Thiruvananthapuram,PAG,PP121TVM,2023-08-14 09:45:36,2023-08-14 10:35:54,1
1069,Vazhathope,Idukki,Agg,AP038IDK,2023-08-14 09:45:36,2023-08-14 10:35:54,1
1072,Velanthavalam,Palakkad,SPUR,SP353PLK,2023-08-14 09:45:36,2023-08-14 10:35:54,1
1075,Veli,Thiruvananthapuram,SPUR,SP299TVM,2023-08-14 09:45:36,2023-08-14 10:35:54,1
1078,Vellangallur,Thrissur,PAG,PP221TCR,2023-08-14 09:45:36,2023-08-14 10:35:54,1
1081,Vellarada,Thiruvananthapuram,SPUR,SP300TVM,2023-08-14 09:45:36,2023-08-14 10:35:54,1
1084,Vellikkulangara,Thrissur,SPUR,SP341TCR,2023-08-14 09:45:36,2023-08-14 10:35:54,1
1087,Vengola,Ernakulam,PAG,PP198EKM,2023-08-14 09:45:36,2023-08-14 10:35:54,1
1090,Venjarammoodu,Thiruvananthapuram,PAG,PP122TVM,2023-08-14 09:45:36,2023-08-14 10:35:54,1
1093,Vennakkara,Palakkad,Agg,AP070PLK,2023-08-14 09:45:36,2023-08-14 10:35:54,1
1096,Vidyanagar,Kasaragod,Agg,AP100KGD,2023-08-14 09:45:36,2023-08-14 10:35:54,1
1099,Vithura,Thiruvananthapuram,PAG,PP123TVM,2023-08-14 09:45:36,2023-08-14 10:35:54,1
1102,Viyyur,Thrissur,Agg,AP062TCR,2023-08-14 09:45:36,2023-08-14 10:35:54,1
1105,Vizhinjam,Thiruvananthapuram,PAG,PP124TVM,2023-08-14 09:45:36,2023-08-14 10:35:54,1
1108,Vydyuthi Bhavan,Palakkad,SPUR,SP352PLK,2023-08-14 09:45:36,2023-08-14 10:35:54,1
1111,Wadakancherry,Thrissur,PAG,PP222TCR,2023-08-14 09:45:36,2023-08-14 10:35:54,1
1114,Walayar,Palakkad,SPUR,SP354PLK,2023-08-14 09:45:36,2023-08-14 10:35:54,1
1117,Wandoor,Malappuram,Agg,AP078MLP,2023-08-14 09:45:36,2023-08-14 10:35:54,1
1120,West Eleri,Kasaragod,Agg,AP101KGD,2023-08-14 09:45:36,2023-08-14 10:35:54,1
1123,Westhill,Kozhikode,PAG,PP271KKD,2023-08-14 09:45:36,2023-08-14 10:35:54,1
